"slug","width","source_thumbnail"
"sqwore-ohwow","768","https://i.vimeocdn.com/video/2122210123-b52421d9f840f0a2a6e2e8736b05214a333f4a665e53e9daeb5bb32823e370db-d_1280?region=us"
"sqwore-drunk","768","https://i.vimeocdn.com/video/2119084272-4d7932210eb82516751741902c6a64e25d92207a819284989f032571d0bc7c49-d_1280?region=us"
"sqwore-tour-screens","768","https://i.vimeocdn.com/video/2119086513-63d956ce4ed5b97c3bc935019ef4f9b7f820a87f16ba6b7d6615f80eb6f4418b-d_1280?region=us"
"kayyo-ilm","768","https://i.vimeocdn.com/video/2023323169-1f15f7d7b244cd7216c3f7cb519e38b4373deb0091b25e37d62badaa061d0310-d_1280?region=us"
"modeus-i-want-more","768","https://i.vimeocdn.com/video/2122209170-812effe86ef011a1cbde92f4cd6eec4c713a45fac7841e45bd6e6d801a29a432-d_1280?region=us"
"sqwore-protagonist","768","https://i.vimeocdn.com/video/2122210729-4d171042025f68b26dd2897fab780f925d200452c6d91cf75e7a72ec1fac0dae-d_1280?region=us"
"eikko-serious-sam","768","https://i.vimeocdn.com/video/2122209393-5ab4fac67f0a0a155c4e659a157a1e2c530bdf21d366832820244a0d9fbedcc5-d_1280?region=us"
"sqwore-beach-episode","768","https://i.vimeocdn.com/video/2119087411-d251db1c7f411a076e37aff60d9d54ddaee74c941b9ad9fc7ac3e69aa15c478f-d_1280?region=us"
"thes1cko-molniya-mcqueen","768","https://i.vimeocdn.com/video/2023300313-8b040b917a89ce98c9b43bd01bdc8a55b94fdcb9cdaa51863e79c04c95dd43c5-d_1280?region=us"
"tears-oyo-drowsyy-aktrisa","768","https://i.vimeocdn.com/video/2122210311-af4c5949a7299a39dd2644070b717b5648056afb943d1a02711403b73a2404b7-d_1280?region=us"
"kayyo-emi4ka-overhype-sample-kit","768","https://i.vimeocdn.com/video/2023298355-cc5e9b11a58af185334b7ac0c914526faff3c5769885e7813d1182b3b300c223-d_1280?region=us"
